what,kind,bundleId,bundleVersion,description,time
started,bundle,org.eclipse.jgit,1.3.0.201202151440-r,"org.eclipse.jgit",1396540572398
started,bundle,org.eclipse.jsch.core,1.1.300.I20110514-0800,"org.eclipse.jsch.core",1396540572399
started,bundle,org.eclipse.ltk.core.refactoring,3.5.201.r372_v20111101-0700,"org.eclipse.ltk.core.refactoring",1396540572400
started,bundle,org.eclipse.ltk.ui.refactoring,3.6.0.v20110928-1453,"org.eclipse.ltk.ui.refactoring",1396540572402
started,bundle,org.eclipse.m2e.logback.configuration,1.0.200.20111228-1245,"org.eclipse.m2e.logback.configuration",1396540572403
started,bundle,org.eclipse.search,3.7.0.v20110928-1504,"org.eclipse.search",1396540572404
started,bundle,org.eclipse.team.core,3.6.0.I20110525-0800,"org.eclipse.team.core",1396540572405
started,bundle,org.eclipse.team.ui,3.6.101.R37x_v20111109-0800,"org.eclipse.team.ui",1396540572406
started,bundle,org.eclipse.ui,3.7.0.v20110928-1505,"org.eclipse.ui",1396540572463
started,bundle,org.eclipse.ui.console,3.5.100.v20111007_r372,"org.eclipse.ui.console",1396540572464
started,bundle,org.eclipse.ui.editors,3.7.0.v20110928-1504,"org.eclipse.ui.editors",1396540572464
started,bundle,org.eclipse.ui.forms,3.5.101.v20111011-1919,"org.eclipse.ui.forms",1396540572466
started,bundle,org.eclipse.ui.ide,3.7.0.v20110928-1505,"org.eclipse.ui.ide",1396540572553
started,bundle,org.eclipse.ui.net,1.2.100.v20111208-1155,"org.eclipse.ui.net",1396540572555
started,bundle,org.eclipse.ui.views,3.6.0.v20110928-1505,"org.eclipse.ui.views",1396540572556
started,bundle,org.eclipse.ui.workbench,3.7.1.v20120104-1859,"org.eclipse.ui.workbench",1396540572578
started,bundle,org.eclipse.ui.workbench.texteditor,3.7.0.v20110928-1504,"org.eclipse.ui.workbench.texteditor",1396540572579
started,bundle,org.eclipse.update.configurator,3.3.100.v20100512,"org.eclipse.update.configurator",1396540572580
started,bundle,org.eclipse.update.core,3.2.500.v20110330,"org.eclipse.update.core",1396540572598
started,bundle,org.eclipse.update.scheduler,3.2.300.v20100512,"org.eclipse.update.scheduler",1396540572599
started,bundle,org.eclipse.wb.discovery.core,1.3.0.r37x201202052340,"org.eclipse.wb.discovery.core",1396540572600
started,bundle,org.eclipse.wb.discovery.ui,1.3.0.r37x201202052340,"org.eclipse.wb.discovery.ui",1396540572601
started,bundle,com.collabnet.subversion.merge,3.0.9,"com.collabnet.subversion.merge",1396540572602
started,bundle,org.eclipse.mylyn.bugzilla.core,3.7.1.v20120425-0100,"org.eclipse.mylyn.bugzilla.core",1396540572619
started,bundle,org.eclipse.mylyn.bugzilla.ui,3.7.1.v20120425-0100,"org.eclipse.mylyn.bugzilla.ui",1396540572620
started,bundle,org.eclipse.mylyn.commons.core,3.7.1.v20120425-0100,"org.eclipse.mylyn.commons.core",1396540572621
started,bundle,org.eclipse.mylyn.commons.net,3.7.1.v20120425-0100,"org.eclipse.mylyn.commons.net",1396540572621
started,bundle,org.eclipse.mylyn.commons.notifications.core,0.9.1.v20120425-0100,"org.eclipse.mylyn.commons.notifications.core",1396540572622
started,bundle,org.eclipse.mylyn.commons.notifications.feed,0.9.1.v20120425-0100,"org.eclipse.mylyn.commons.notifications.feed",1396540572623
started,bundle,org.eclipse.mylyn.commons.notifications.ui,0.9.1.v20120425-0100,"org.eclipse.mylyn.commons.notifications.ui",1396540572624
started,bundle,org.eclipse.mylyn.commons.ui,3.7.1.v20120425-0100,"org.eclipse.mylyn.commons.ui",1396540572626
started,bundle,org.eclipse.mylyn.commons.workbench,3.7.1.v20120425-0100,"org.eclipse.mylyn.commons.workbench",1396540572627
started,bundle,org.eclipse.mylyn.context.core,3.7.1.v20120425-0100,"org.eclipse.mylyn.context.core",1396540572628
started,bundle,org.eclipse.mylyn.context.tasks.ui,3.7.1.v20120425-0100,"org.eclipse.mylyn.context.tasks.ui",1396540572630
started,bundle,org.eclipse.mylyn.monitor.ui,3.7.1.v20120425-0100,"org.eclipse.mylyn.monitor.ui",1396540572631
started,bundle,org.eclipse.mylyn.tasks.index.core,3.7.1.v20120425-0100,"org.eclipse.mylyn.tasks.index.core",1396540572632
started,bundle,org.eclipse.mylyn.tasks.ui,3.7.1.v20120425-0100,"org.eclipse.mylyn.tasks.ui",1396540572672
started,bundle,org.eclipse.mylyn.team.ui,3.7.1.v20120425-0100,"org.eclipse.mylyn.team.ui",1396540572673
started,bundle,org.tigris.subversion.clientadapter,1.8.3,"org.tigris.subversion.clientadapter",1396540572675
started,bundle,org.tigris.subversion.subclipse.core,1.8.12,"org.tigris.subversion.subclipse.core",1396540572738
started,bundle,org.tigris.subversion.subclipse.mylyn,3.0.0,"org.tigris.subversion.subclipse.mylyn",1396540572740
started,bundle,org.tigris.subversion.subclipse.tools.usage,1.1.0,"org.tigris.subversion.subclipse.tools.usage",1396540572741
started,bundle,org.tigris.subversion.subclipse.ui,1.8.12,"org.tigris.subversion.subclipse.ui",1396540572769
started,bundle,org.eclipse.cdt.codan.ui.cxx,2.0.0.201202111925,"org.eclipse.cdt.codan.ui.cxx",1396540572771
os,sysinfo,,,"win32",1396540572777
arch,sysinfo,,,"x86_64",1396540572777
ws,sysinfo,,,"win32",1396540572777
locale,sysinfo,,,"en_US",1396540572777
processors,sysinfo,,,"8",1396540572778
java.runtime.name,sysinfo,,,"Java(TM) SE Runtime Environment",1396540572778
java.runtime.version,sysinfo,,,"1.7.0_51-b13",1396540572778
java.specification.name,sysinfo,,,"Java Platform API Specification",1396540572778
java.specification.vendor,sysinfo,,,"Oracle Corporation",1396540572778
java.specification.version,sysinfo,,,"1.7",1396540572778
java.vendor,sysinfo,,,"Oracle Corporation",1396540572778
java.version,sysinfo,,,"1.7.0_51",1396540572778
java.vm.info,sysinfo,,,"mixed mode",1396540572778
java.vm.name,sysinfo,,,"Java HotSpot(TM) 64-Bit Server VM",1396540572778
java.vm.specification.name,sysinfo,,,"Java Virtual Machine Specification",1396540572778
java.vm.specification.vendor,sysinfo,,,"Oracle Corporation",1396540572778
java.vm.specification.version,sysinfo,,,"1.7",1396540572778
java.vm.vendor,sysinfo,,,"Oracle Corporation",1396540572778
java.vm.version,sysinfo,,,"24.51-b03",1396540572778
started,bundle,org.eclipse.m2e.usagedata,1.0.200.20111228-1245,"org.eclipse.m2e.usagedata",1396540572798
started,bundle,org.eclipse.team.cvs.core,3.3.400.I20110510-0800,"org.eclipse.team.cvs.core",1396540573716
started,bundle,org.eclipse.team.cvs.ui,3.3.401.v20120126-1227,"org.eclipse.team.cvs.ui",1396540574226
started,bundle,org.eclipse.cdt.make.core,7.1.2.201202111925,"org.eclipse.cdt.make.core",1396540575970
started,bundle,org.eclipse.cdt.managedbuilder.core,8.0.2.201202111925,"org.eclipse.cdt.managedbuilder.core",1396540576601
started,bundle,org.eclipse.cdt.core,5.3.2.201202111925,"org.eclipse.cdt.core",1396540577017
started,bundle,org.eclipse.ui.navigator,3.5.101.v20120106-1355,"org.eclipse.ui.navigator",1396540578163
started,bundle,org.eclipse.cdt.ui,5.3.2.201202111925,"org.eclipse.cdt.ui",1396540578953
started,bundle,org.eclipse.cdt.codan.core.cxx,1.0.0.201202111925,"org.eclipse.cdt.codan.core.cxx",1396540579022
started,bundle,org.eclipse.cdt.codan.core,2.0.0.201202111925,"org.eclipse.cdt.codan.core",1396540579133
started,bundle,org.eclipse.cdt.make.ui,7.1.2.201202111925,"org.eclipse.cdt.make.ui",1396540579172
started,bundle,org.eclipse.cdt.codan.checkers,1.0.1.201202111925,"org.eclipse.cdt.codan.checkers",1396540579200
deactivated,workbench,org.eclipse.ui.workbench,3.7.1.v20120104-1859,"",1396540579439
activated,workbench,org.eclipse.ui.workbench,3.7.1.v20120104-1859,"",1396540583911
opened,editor,org.eclipse.jdt.ui,3.7.2.v20120109-1427,"org.eclipse.jdt.ui.CompilationUnitEditor",1396540596146
activated,editor,org.eclipse.jdt.ui,3.7.2.v20120109-1427,"org.eclipse.jdt.ui.CompilationUnitEditor",1396540596499
started,bundle,org.eclipse.jdt.junit,3.7.0.v20110928-1453,"org.eclipse.jdt.junit",1396540608006
started,bundle,org.eclipse.mylyn.java.ui,3.7.1.v20120425-0100,"org.eclipse.mylyn.java.ui",1396540675240
executed,command,org.eclipse.ui,3.7.0.v20110928-1505,"org.eclipse.ui.edit.delete",1396540848798
executed,command,org.eclipse.ui,3.7.0.v20110928-1505,"org.eclipse.ui.edit.delete",1396540850411
executed,command,org.eclipse.ui,3.7.0.v20110928-1505,"org.eclipse.ui.edit.delete",1396540851200
executed,command,org.eclipse.ui,3.7.0.v20110928-1505,"org.eclipse.ui.edit.delete",1396540851759
deactivated,workbench,org.eclipse.ui.workbench,3.7.1.v20120104-1859,"",1396540854713
activated,workbench,org.eclipse.ui.workbench,3.7.1.v20120104-1859,"",1396540855951
deactivated,workbench,org.eclipse.ui.workbench,3.7.1.v20120104-1859,"",1396540863711
activated,workbench,org.eclipse.ui.workbench,3.7.1.v20120104-1859,"",1396540863857
activated,view,org.eclipse.jdt.ui,3.7.2.v20120109-1427,"org.eclipse.jdt.ui.PackageExplorer",1396540954511
started,bundle,org.eclipse.mylyn.context.ui,3.7.1.v20120425-0100,"org.eclipse.mylyn.context.ui",1396540958910
opened,editor,org.eclipse.jdt.ui,3.7.2.v20120109-1427,"org.eclipse.jdt.ui.CompilationUnitEditor",1396540959160
activated,editor,org.eclipse.jdt.ui,3.7.2.v20120109-1427,"org.eclipse.jdt.ui.CompilationUnitEditor",1396540959508
executed,command,org.eclipse.ui,3.7.0.v20110928-1505,"org.eclipse.ui.edit.copy",1396540995098
executed,command,org.eclipse.ui,3.7.0.v20110928-1505,"org.eclipse.ui.edit.paste",1396540996343
started,bundle,org.eclipse.wb.core.lib,1.3.0.r37x201202052311,"org.eclipse.wb.core.lib",1396541004463
started,bundle,org.eclipse.wb.core,1.3.0.r37x201202052311,"org.eclipse.wb.core",1396541004595
executed,command,org.eclipse.ui,3.7.0.v20110928-1505,"org.eclipse.ui.file.saveAll",1396541005648
activated,editor,org.eclipse.jdt.ui,3.7.2.v20120109-1427,"org.eclipse.jdt.ui.CompilationUnitEditor",1396541006439
executed,command,org.eclipse.ui,3.7.0.v20110928-1505,"org.eclipse.ui.file.saveAll",1396541032842
executed,command,org.eclipse.ui,3.7.0.v20110928-1505,"org.eclipse.ui.file.saveAll",1396541041668
deactivated,workbench,org.eclipse.ui.workbench,3.7.1.v20120104-1859,"",1396541042921
activated,workbench,org.eclipse.ui.workbench,3.7.1.v20120104-1859,"",1396541044550
executed,command,org.eclipse.ui,3.7.0.v20110928-1505,"org.eclipse.ui.edit.copy",1396541049915
executed,command,org.eclipse.ui,3.7.0.v20110928-1505,"org.eclipse.ui.edit.paste",1396541050961
deactivated,workbench,org.eclipse.ui.workbench,3.7.1.v20120104-1859,"",1396541082552
activated,workbench,org.eclipse.ui.workbench,3.7.1.v20120104-1859,"",1396541082915
executed,command,org.eclipse.ui,3.7.0.v20110928-1505,"org.eclipse.ui.file.saveAll",1396541097899
executed,command,org.eclipse.ui,3.7.0.v20110928-1505,"org.eclipse.ui.file.saveAll",1396541111651
executed,command,org.eclipse.jdt.ui,3.7.2.v20120109-1427,"org.eclipse.jdt.ui.edit.text.java.format",1396541112407
executed,command,org.eclipse.ui,3.7.0.v20110928-1505,"org.eclipse.ui.file.saveAll",1396541112614
deactivated,workbench,org.eclipse.ui.workbench,3.7.1.v20120104-1859,"",1396541119399
activated,workbench,org.eclipse.ui.workbench,3.7.1.v20120104-1859,"",1396541149692
executed,command,org.eclipse.ui,3.7.0.v20110928-1505,"org.eclipse.ui.file.saveAll",1396541170677
deactivated,workbench,org.eclipse.ui.workbench,3.7.1.v20120104-1859,"",1396541173251
activated,workbench,org.eclipse.ui.workbench,3.7.1.v20120104-1859,"",1396541325084
deactivated,workbench,org.eclipse.ui.workbench,3.7.1.v20120104-1859,"",1396541327022
activated,workbench,org.eclipse.ui.workbench,3.7.1.v20120104-1859,"",1396541444235
deactivated,workbench,org.eclipse.ui.workbench,3.7.1.v20120104-1859,"",1396541446774
activated,workbench,org.eclipse.ui.workbench,3.7.1.v20120104-1859,"",1396541525906
executed,command,org.eclipse.ui,3.7.0.v20110928-1505,"org.eclipse.ui.edit.delete",1396541580342
executed,command,org.eclipse.ui,3.7.0.v20110928-1505,"org.eclipse.ui.file.saveAll",1396541668745
executed,command,org.eclipse.ui,3.7.0.v20110928-1505,"org.eclipse.ui.file.saveAll",1396541690225
deactivated,workbench,org.eclipse.ui.workbench,3.7.1.v20120104-1859,"",1396541696451
activated,workbench,org.eclipse.ui.workbench,3.7.1.v20120104-1859,"",1396541955506
activated,editor,org.eclipse.jdt.ui,3.7.2.v20120109-1427,"org.eclipse.jdt.ui.CompilationUnitEditor",1396541969014
deactivated,workbench,org.eclipse.ui.workbench,3.7.1.v20120104-1859,"",1396542000336
activated,workbench,org.eclipse.ui.workbench,3.7.1.v20120104-1859,"",1396542038198
activated,editor,org.eclipse.jdt.ui,3.7.2.v20120109-1427,"org.eclipse.jdt.ui.CompilationUnitEditor",1396542063824
activated,editor,org.eclipse.jdt.ui,3.7.2.v20120109-1427,"org.eclipse.jdt.ui.CompilationUnitEditor",1396542067515
activated,editor,org.eclipse.jdt.ui,3.7.2.v20120109-1427,"org.eclipse.jdt.ui.CompilationUnitEditor",1396542068349
deactivated,workbench,org.eclipse.ui.workbench,3.7.1.v20120104-1859,"",1396542070550
activated,workbench,org.eclipse.ui.workbench,3.7.1.v20120104-1859,"",1396542075568
executed,command,org.eclipse.ui,3.7.0.v20110928-1505,"org.eclipse.ui.file.saveAll",1396542140228
deactivated,workbench,org.eclipse.ui.workbench,3.7.1.v20120104-1859,"",1396542141952
activated,workbench,org.eclipse.ui.workbench,3.7.1.v20120104-1859,"",1396544138170
deactivated,workbench,org.eclipse.ui.workbench,3.7.1.v20120104-1859,"",1396544140215
activated,workbench,org.eclipse.ui.workbench,3.7.1.v20120104-1859,"",1396546189195
deactivated,workbench,org.eclipse.ui.workbench,3.7.1.v20120104-1859,"",1396546192105
activated,workbench,org.eclipse.ui.workbench,3.7.1.v20120104-1859,"",1396546225091
deactivated,workbench,org.eclipse.ui.workbench,3.7.1.v20120104-1859,"",1396546227177
activated,workbench,org.eclipse.ui.workbench,3.7.1.v20120104-1859,"",1396546532073
activated,editor,org.eclipse.jdt.ui,3.7.2.v20120109-1427,"org.eclipse.jdt.ui.CompilationUnitEditor",1396546566778
executed,command,org.eclipse.ui,3.7.0.v20110928-1505,"org.eclipse.ui.file.saveAll",1396546592818
deactivated,workbench,org.eclipse.ui.workbench,3.7.1.v20120104-1859,"",1396546692121
activated,workbench,org.eclipse.ui.workbench,3.7.1.v20120104-1859,"",1396546773781
deactivated,workbench,org.eclipse.ui.workbench,3.7.1.v20120104-1859,"",1396546782034
activated,workbench,org.eclipse.ui.workbench,3.7.1.v20120104-1859,"",1396547081971
deactivated,workbench,org.eclipse.ui.workbench,3.7.1.v20120104-1859,"",1396547091887
activated,workbench,org.eclipse.ui.workbench,3.7.1.v20120104-1859,"",1396547092752
deactivated,workbench,org.eclipse.ui.workbench,3.7.1.v20120104-1859,"",1396547093635
activated,workbench,org.eclipse.ui.workbench,3.7.1.v20120104-1859,"",1396549506658
deactivated,workbench,org.eclipse.ui.workbench,3.7.1.v20120104-1859,"",1396549510924
activated,workbench,org.eclipse.ui.workbench,3.7.1.v20120104-1859,"",1396549512604
closed,workbench,org.eclipse.ui.workbench,3.7.1.v20120104-1859,"",1396549513199
stopped,bundle,org.eclipse.m2e.logback.configuration,1.0.200.20111228-1245,"org.eclipse.m2e.logback.configuration",1396549514806
stopped,bundle,org.eclipse.m2e.discovery,1.0.200.20111228-1245,"org.eclipse.m2e.discovery",1396549514832
stopped,bundle,org.eclipse.m2e.refactoring,1.0.200.20111228-1245,"org.eclipse.m2e.refactoring",1396549514851
stopped,bundle,org.eclipse.m2e.editor,1.0.200.20111228-1245,"org.eclipse.m2e.editor",1396549514867
stopped,bundle,org.eclipse.m2e.editor.xml,1.0.200.20111228-1245,"org.eclipse.m2e.editor.xml",1396549514879
stopped,bundle,org.eclipse.m2e.jdt,1.0.200.20111228-1245,"org.eclipse.m2e.jdt",1396549514930
stopped,bundle,org.eclipse.m2e.launching,1.0.200.20111228-1245,"org.eclipse.m2e.launching",1396549515023
stopped,bundle,org.eclipse.m2e.usagedata,1.0.200.20111228-1245,"org.eclipse.m2e.usagedata",1396549515023
stopped,bundle,org.eclipse.cdt,8.0.2.201202111925,"org.eclipse.cdt",1396549515070
stopped,bundle,org.eclipse.cdt.doc.user,5.1.1.201202111925,"org.eclipse.cdt.doc.user",1396549515215
stopped,bundle,org.eclipse.ui.cheatsheets,3.4.100.v20110425,"org.eclipse.ui.cheatsheets",1396549515216
stopped,bundle,org.eclipse.help.ui,3.5.101.r37_20110819,"org.eclipse.help.ui",1396549515218
activated,perspective,org.eclipse.jdt.ui,,"org.eclipse.jdt.ui.JavaPerspective",1396550903852
started,bundle,org.eclipse.osgi,3.7.2.v20120110-1415,"org.eclipse.osgi",1396550903855
started,bundle,org.eclipse.equinox.simpleconfigurator,1.0.200.v20110815-1438,"org.eclipse.equinox.simpleconfigurator",1396550903857
started,bundle,com.ibm.icu,4.4.2.v20110823,"com.ibm.icu",1396550903859
started,bundle,org.eclipse.compare,3.5.202.R37x_v20111109-0800,"org.eclipse.compare",1396550903861
started,bundle,org.eclipse.compare.core,3.5.200.I20110208-0800,"org.eclipse.compare.core",1396550903863
started,bundle,org.eclipse.core.contenttype,3.4.100.v20110423-0524,"org.eclipse.core.contenttype",1396550903865
started,bundle,org.eclipse.core.databinding.observable,1.4.0.I20110222-0800,"org.eclipse.core.databinding.observable",1396550903867
started,bundle,org.eclipse.core.expressions,3.4.300.v20110228,"org.eclipse.core.expressions",1396550903868
started,bundle,org.eclipse.core.filebuffers,3.5.200.v20110928-1504,"org.eclipse.core.filebuffers",1396550903869
started,bundle,org.eclipse.core.filesystem,1.3.100.v20110423-0524,"org.eclipse.core.filesystem",1396550903872
started,bundle,org.eclipse.core.jobs,3.5.101.v20120113-1953,"org.eclipse.core.jobs",1396550903873
started,bundle,org.eclipse.core.net,1.2.100.I20110511-0800,"org.eclipse.core.net",1396550903875
started,bundle,org.eclipse.core.resources,3.7.101.v20120125-1505,"org.eclipse.core.resources",1396550903877
started,bundle,org.eclipse.core.runtime,3.7.0.v20110110,"org.eclipse.core.runtime",1396550903878
started,bundle,org.eclipse.core.runtime.compatibility,3.2.100.v20100505,"org.eclipse.core.runtime.compatibility",1396550903880
started,bundle,org.eclipse.core.runtime.compatibility.auth,3.2.200.v20110110,"org.eclipse.core.runtime.compatibility.auth",1396550903882
started,bundle,org.eclipse.core.variables,3.2.500.v20110928-1503,"org.eclipse.core.variables",1396550903884
started,bundle,org.eclipse.debug.core,3.7.1.v20111129-2031,"org.eclipse.debug.core",1396550903885
started,bundle,org.eclipse.egit.core,1.3.0.201202151440-r,"org.eclipse.egit.core",1396550903891
started,bundle,org.eclipse.egit.ui,1.3.0.201202151440-r,"org.eclipse.egit.ui",1396550903895
started,bundle,org.eclipse.epp.mpc.ui,1.1.1.I20110907-0947,"org.eclipse.epp.mpc.ui",1396550903896
started,bundle,org.eclipse.epp.usagedata.gathering,1.3.1.R201106061540,"org.eclipse.epp.usagedata.gathering",1396550903897
started,bundle,org.eclipse.epp.usagedata.recording,1.3.1.R201106061540,"org.eclipse.epp.usagedata.recording",1396550903898
started,bundle,org.eclipse.equinox.app,1.3.100.v20110321,"org.eclipse.equinox.app",1396550903899
started,bundle,org.eclipse.equinox.common,3.6.0.v20110523,"org.eclipse.equinox.common",1396550903901
started,bundle,org.eclipse.equinox.ds,1.3.1.R37x_v20110701,"org.eclipse.equinox.ds",1396550903902
started,bundle,org.eclipse.equinox.event,1.2.100.v20110502,"org.eclipse.equinox.event",1396550903904
started,bundle,org.eclipse.equinox.p2.core,2.1.1.v20120113-1346,"org.eclipse.equinox.p2.core",1396550903906
started,bundle,org.eclipse.equinox.p2.directorywatcher,1.0.300.v20110815-1419,"org.eclipse.equinox.p2.directorywatcher",1396550903907
started,bundle,org.eclipse.equinox.p2.engine,2.1.1.R37x_v20111003,"org.eclipse.equinox.p2.engine",1396550903910
started,bundle,org.eclipse.equinox.p2.metadata,2.1.0.v20110815-1419,"org.eclipse.equinox.p2.metadata",1396550903912
started,bundle,org.eclipse.equinox.p2.metadata.repository,1.2.0.v20110815-1419,"org.eclipse.equinox.p2.metadata.repository",1396550903914
started,bundle,org.eclipse.equinox.p2.operations,2.1.1.R37x_v20111111,"org.eclipse.equinox.p2.operations",1396550903916
started,bundle,org.eclipse.equinox.p2.reconciler.dropins,1.1.100.v20110815-1419,"org.eclipse.equinox.p2.reconciler.dropins",1396550903918
started,bundle,org.eclipse.equinox.p2.repository,2.1.1.v20120113-1346,"org.eclipse.equinox.p2.repository",1396550903920
started,bundle,org.eclipse.equinox.p2.ui.sdk.scheduler,1.0.100.v20110815-1419,"org.eclipse.equinox.p2.ui.sdk.scheduler",1396550903922
started,bundle,org.eclipse.equinox.p2.updatechecker,1.1.200.v20110815-1419,"org.eclipse.equinox.p2.updatechecker",1396550903924
started,bundle,org.eclipse.equinox.preferences,3.4.2.v20120111-2020,"org.eclipse.equinox.preferences",1396550903926
started,bundle,org.eclipse.equinox.registry,3.5.101.R37x_v20110810-1611,"org.eclipse.equinox.registry",1396550903927
started,bundle,org.eclipse.equinox.security,1.1.1.R37x_v20110822-1018,"org.eclipse.equinox.security",1396550903929
started,bundle,org.eclipse.equinox.util,1.0.300.v20110502,"org.eclipse.equinox.util",1396550903930
started,bundle,org.eclipse.help,3.5.100.v20110426,"org.eclipse.help",1396550903932
started,bundle,org.eclipse.jdt.apt.core,3.3.500.v20110420-1015,"org.eclipse.jdt.apt.core",1396550903934
started,bundle,org.eclipse.jdt.apt.pluggable.core,1.0.400.v20110305-1450,"org.eclipse.jdt.apt.pluggable.core",1396550903935
started,bundle,org.eclipse.jdt.core,3.7.3.v20120119-1537,"org.eclipse.jdt.core",1396550903937
started,bundle,org.eclipse.jdt.core.manipulation,1.4.0.v20110928-1453,"org.eclipse.jdt.core.manipulation",1396550903938
started,bundle,org.eclipse.jdt.junit,3.7.0.v20110928-1453,"org.eclipse.jdt.junit",1396550903940
started,bundle,org.eclipse.jdt.launching,3.6.1.v20111006_r372,"org.eclipse.jdt.launching",1396550903942
started,bundle,org.eclipse.jdt.ui,3.7.2.v20120109-1427,"org.eclipse.jdt.ui",1396550903942
started,bundle,org.eclipse.jface,3.7.0.v20110928-1505,"org.eclipse.jface",1396550903943
started,bundle,org.eclipse.jgit,1.3.0.201202151440-r,"org.eclipse.jgit",1396550903946
started,bundle,org.eclipse.jsch.core,1.1.300.I20110514-0800,"org.eclipse.jsch.core",1396550903948
started,bundle,org.eclipse.ltk.core.refactoring,3.5.201.r372_v20111101-0700,"org.eclipse.ltk.core.refactoring",1396550903951
started,bundle,org.eclipse.ltk.ui.refactoring,3.6.0.v20110928-1453,"org.eclipse.ltk.ui.refactoring",1396550903953
started,bundle,org.eclipse.m2e.logback.configuration,1.0.200.20111228-1245,"org.eclipse.m2e.logback.configuration",1396550903997
started,bundle,org.eclipse.search,3.7.0.v20110928-1504,"org.eclipse.search",1396550904002
started,bundle,org.eclipse.team.core,3.6.0.I20110525-0800,"org.eclipse.team.core",1396550904003
started,bundle,org.eclipse.team.cvs.core,3.3.400.I20110510-0800,"org.eclipse.team.cvs.core",1396550904004
started,bundle,org.eclipse.team.cvs.ui,3.3.401.v20120126-1227,"org.eclipse.team.cvs.ui",1396550904007
started,bundle,org.eclipse.team.ui,3.6.101.R37x_v20111109-0800,"org.eclipse.team.ui",1396550904008
started,bundle,org.eclipse.ui,3.7.0.v20110928-1505,"org.eclipse.ui",1396550904010
started,bundle,org.eclipse.ui.console,3.5.100.v20111007_r372,"org.eclipse.ui.console",1396550904011
started,bundle,org.eclipse.ui.editors,3.7.0.v20110928-1504,"org.eclipse.ui.editors",1396550904011
started,bundle,org.eclipse.ui.forms,3.5.101.v20111011-1919,"org.eclipse.ui.forms",1396550904013
started,bundle,org.eclipse.ui.ide,3.7.0.v20110928-1505,"org.eclipse.ui.ide",1396550904015
started,bundle,org.eclipse.ui.net,1.2.100.v20111208-1155,"org.eclipse.ui.net",1396550904016
started,bundle,org.eclipse.ui.views,3.6.0.v20110928-1505,"org.eclipse.ui.views",1396550904017
started,bundle,org.eclipse.ui.workbench,3.7.1.v20120104-1859,"org.eclipse.ui.workbench",1396550904019
started,bundle,org.eclipse.ui.workbench.texteditor,3.7.0.v20110928-1504,"org.eclipse.ui.workbench.texteditor",1396550904020
started,bundle,org.eclipse.update.configurator,3.3.100.v20100512,"org.eclipse.update.configurator",1396550904022
started,bundle,org.eclipse.update.core,3.2.500.v20110330,"org.eclipse.update.core",1396550904023
started,bundle,org.eclipse.update.scheduler,3.2.300.v20100512,"org.eclipse.update.scheduler",1396550904025
started,bundle,org.eclipse.wb.discovery.core,1.3.0.r37x201202052340,"org.eclipse.wb.discovery.core",1396550904026
started,bundle,com.collabnet.subversion.merge,3.0.9,"com.collabnet.subversion.merge",1396550904027
started,bundle,org.eclipse.mylyn.bugzilla.core,3.7.1.v20120425-0100,"org.eclipse.mylyn.bugzilla.core",1396550904029
started,bundle,org.eclipse.mylyn.bugzilla.ui,3.7.1.v20120425-0100,"org.eclipse.mylyn.bugzilla.ui",1396550904030
started,bundle,org.eclipse.mylyn.commons.core,3.7.1.v20120425-0100,"org.eclipse.mylyn.commons.core",1396550904032
started,bundle,org.eclipse.mylyn.commons.net,3.7.1.v20120425-0100,"org.eclipse.mylyn.commons.net",1396550904032
started,bundle,org.eclipse.mylyn.commons.notifications.core,0.9.1.v20120425-0100,"org.eclipse.mylyn.commons.notifications.core",1396550904033
started,bundle,org.eclipse.mylyn.commons.notifications.feed,0.9.1.v20120425-0100,"org.eclipse.mylyn.commons.notifications.feed",1396550904035
started,bundle,org.eclipse.mylyn.commons.notifications.ui,0.9.1.v20120425-0100,"org.eclipse.mylyn.commons.notifications.ui",1396550904037
started,bundle,org.eclipse.mylyn.commons.ui,3.7.1.v20120425-0100,"org.eclipse.mylyn.commons.ui",1396550904039
started,bundle,org.eclipse.mylyn.commons.workbench,3.7.1.v20120425-0100,"org.eclipse.mylyn.commons.workbench",1396550904040
started,bundle,org.eclipse.mylyn.context.core,3.7.1.v20120425-0100,"org.eclipse.mylyn.context.core",1396550904041
started,bundle,org.eclipse.mylyn.context.tasks.ui,3.7.1.v20120425-0100,"org.eclipse.mylyn.context.tasks.ui",1396550904044
started,bundle,org.eclipse.mylyn.monitor.ui,3.7.1.v20120425-0100,"org.eclipse.mylyn.monitor.ui",1396550904046
started,bundle,org.eclipse.mylyn.tasks.index.core,3.7.1.v20120425-0100,"org.eclipse.mylyn.tasks.index.core",1396550904047
started,bundle,org.eclipse.mylyn.tasks.ui,3.7.1.v20120425-0100,"org.eclipse.mylyn.tasks.ui",1396550904049
started,bundle,org.tigris.subversion.clientadapter,1.8.3,"org.tigris.subversion.clientadapter",1396550904051
started,bundle,org.tigris.subversion.subclipse.core,1.8.12,"org.tigris.subversion.subclipse.core",1396550904052
started,bundle,org.tigris.subversion.subclipse.mylyn,3.0.0,"org.tigris.subversion.subclipse.mylyn",1396550904054
started,bundle,org.tigris.subversion.subclipse.ui,1.8.12,"org.tigris.subversion.subclipse.ui",1396550904056
os,sysinfo,,,"win32",1396550904062
arch,sysinfo,,,"x86_64",1396550904062
ws,sysinfo,,,"win32",1396550904062
locale,sysinfo,,,"en_US",1396550904062
processors,sysinfo,,,"8",1396550904062
java.runtime.name,sysinfo,,,"Java(TM) SE Runtime Environment",1396550904062
java.runtime.version,sysinfo,,,"1.7.0_51-b13",1396550904062
